Name,YC Page,Batch,Industry,Description,Website,Founding Year,Headquarters,Founders,Founders_LinkedIn,Founders_Twitter
F2,https://www.ycombinator.com/companies/f2,Summer 2025,"B2B; Engineering, Product and Design","The AI platform for private markets investors. Founded in 2025 by Don Muir, F2 has 20 employees based in New York, NY, USA. F2 is hiring for 3 roles in engineering and operations.",http://f2.ai,2025,"New York, NY, USA",Don Muir,https://www.linkedin.com/in/don-muir,
Nox Metals,https://www.ycombinator.com/companies/nox-metals,Summer 2025,Industrials; Manufacturing and Robotics,"Supplying America's Industrial Base. Founded in 2025 by Zane Hengsperger, Nox Metals has 11 employees based in Detroit, MI, USA.",https://noxmetals.co,2025,"Detroit, MI, USA",Zane Hengsperger,https://www.linkedin.com/in/zanehh/,https://x.com/zanehengsperger
Blue,https://www.ycombinator.com/companies/blue,Summer 2025,Consumer,"Your phone finally has someone to run it. Plug in Blue, just ask. Founded in 2024 by Omar Abdelaziz, Farhan Hossain, and Peter Krogh, Blue has 6 employees based in .",https://heyblue.com,2024,,Omar Abdelaziz; Farhan Hossain; Peter Krogh,https://linkedin.com/in/oabdelaziz/; https://www.linkedin.com/in/mfarhanh/; https://www.linkedin.com/in/peter-krogh-820273/,https://x.com/OmarAbcXyz123; https://x.com/FarhanBuilds; 
Uplift AI,https://www.ycombinator.com/companies/uplift-ai,Summer 2025,B2B,"Foundational Voice Models for regional languages. Founded in 2024 by Hammad Malik and Zaid Qureshi, Uplift AI has 5 employees based in .",https://upliftai.org,2024,,Hammad Malik; Zaid Qureshi,https://www.linkedin.com/in/hammad2; https://linkedin.com/in/zaidqureshi,; https://x.com/zqureshi_
RealRoots,https://www.ycombinator.com/companies/realroots,Summer 2025,Consumer; Social,"AI social app for women. Founded in 2024 by Tara Kappel and Dorothy Li, RealRoots has 7 employees based in San Francisco, CA, USA.",http://www.therealroots.com,2024,"San Francisco, CA, USA",Dorothy Li; Tara Kappel,https://linkedin.com/in/dorothy-li-994a2213; https://linkedin.com/in/tara-kappel-5baa6095,; 
Freya,https://www.ycombinator.com/companies/freya,Summer 2025,Fintech,"Voice AI for Enterprises. Founded in 2025 by Tunga Bayrak and Tomas Nepala, Freya has 14 employees based in San Francisco, CA, USA.",https://freyavoice.ai,2025,"San Francisco, CA, USA",Tunga Bayrak; Tomas Nepala; The Problem:,https://www.linkedin.com/in/tunga-bayrak/; https://www.linkedin.com/in/tomas-nepala; https://www.linkedin.com/in/tunga-bayrak/,; https://x.com/TomasNepala; 
burnt,https://www.ycombinator.com/companies/burnt,Summer 2025,B2B; Supply Chain and Logistics,"Agentic Operating System for Food Supply Chain. Founded in 2023 by Joseph Jacob, Rhea Karimpanal, and Chandru Shanumugasundaram, burnt has 3 employees based in San Francisco, CA, USA. burnt is hiring for 1 roles in engineering.",https://getburnt.ai,2023,"San Francisco, CA, USA",Joseph Jacob; Rhea Karimpanal; Chandru Shanumugasundaram,https://www.linkedin.com/in/josephjacob93; https://www.linkedin.com/in/rheakarimpanal/; https://linkedin.com/in/chandrushanmugasundaram,https://x.com/Joseph_Jacob13; https://x.com/RheaKarimpanal; https://x.com/tweetchanshan
Ruvo,https://www.ycombinator.com/companies/ruvo,Summer 2025,Fintech,"The Global Dollar App for Brazil. Founded in 2025 by Alec Howard and Michael Mason, Ruvo has 6 employees based in São Paulo, State of São Paulo, Brazil.",https://ruvo.com,2025,"São Paulo, State of São Paulo, Brazil",Alec Howard; Michael Mason,https://linkedin.com/in/alexandermhoward; https://www.linkedin.com/in/mason-michael/,https://x.com/alecmhoward; 
Veritus,https://www.ycombinator.com/companies/veritus,Summer 2025,Fintech; Credit and Lending,"AI agents for the consumer lending industry. Founded in 2025 by Joshua March, David Schlesinger, and Joseph Stein, Veritus has 10 employees based in San Francisco, CA, USA. Veritus is hiring for 1 roles in engineering.",https://www.veritus.com,2025,"San Francisco, CA, USA",Joshua March; David Schlesinger; Joseph Stein; Company Launches,https://www.linkedin.com/in/joshuamarch/; https://www.linkedin.com/in/davidschles/; https://www.linkedin.com/in/josephstein1; https://www.linkedin.com/in/joshuamarch/,https://www.x.com/joshuamarch; ; https://www.x.com/josephstein; 
Outrove,https://www.ycombinator.com/companies/outrove,Summer 2025,B2B; Recruiting and Talent,"Ultra-realistic AI Recruiter. Founded in 2025 by Saif Elhager and Ahmed ElShireef, Outrove has 2 employees based in San Francisco, CA, USA.",https://www.outrove.ai,2025,"San Francisco, CA, USA",Ahmed ElShireef; Saif Elhager,https://www.linkedin.com/in/ahmedelshireef/; https://www.linkedin.com/in/saif-elhager-18b96a202,https://x.com/elshireef_ahmed; 
NOSO LABS,https://www.ycombinator.com/companies/noso-labs,Summer 2025,Industrials,"Build AI agents for field technicians to diagnose and sell 10x better. Founded in 2025 by Winston Chi and Alex Xi, NOSO LABS has 3 employees based in . NOSO LABS is hiring for 1 roles in engineering.",https://noso.so,2025,,Winston Chi,https://www.linkedin.com/in/lwchi/,
Vulcan Technologies,https://www.ycombinator.com/companies/vulcan-technologies,Summer 2025,B2B; Legal,"Frontier intelligence for government, policy, and law. Founded in 2025 by Tanner Jones and Chris Minge, Vulcan Technologies has 6 employees based in Austin, TX, USA. Vulcan Technologies is hiring for 3 roles in product, engineering, and sales.",https://vulcan.ai,2025,"Austin, TX, USA",Tanner Jones; Chris Minge,https://www.linkedin.com/in/tanner-jones-817192167/; https://www.linkedin.com/in/chrisminge,https://x.com/Tanner_H_Jones; 
Bizzy AI,https://www.ycombinator.com/companies/geo-ai,Summer 2025,B2B; Marketing,"Bizzy works 24/7 so you never miss a lead. Founded in 2025 by Rithvik Gabri and Ansh Sheth, Bizzy AI has  employees based in San Francisco, CA, USA.",https://www.usebizzy.com,2025,"San Francisco, CA, USA",Rithvik Gabri; Ansh Sheth,https://www.linkedin.com/in/rithvikgabri; https://www.linkedin.com/in/ansh-sheth-684b8a215/,https://x.com/rickgxa; https://x.com/AnshSheth4
Spotlight Realty,https://www.ycombinator.com/companies/spotlight-realty,Summer 2025,Real Estate and Construction,"AI powered brokerage reducing residential rental commissions in NYC…. Founded in 2025 by Raymond Allie, Jake Phelan, and Aryan Sharma, Spotlight Realty has 4 employees based in New York, NY, USA.",https://www.spotlight.realty,2025,"New York, NY, USA",Raymond Allie; Jake Phelan; Aryan Sharma,https://www.linkedin.com/in/raymond-allie/; https://www.linkedin.com/in/jacob-phelan-9359222a5; https://www.linkedin.com/in/aryansharma12358,; ; 
Interfere,https://www.ycombinator.com/companies/interfere,Summer 2025,"B2B; Engineering, Product and Design","Build software that never breaks. Founded in 2025 by Luke Shiels, Interfere has 7 employees based in New York, NY, USA. Interfere is hiring for 3 roles in engineering and marketing.",https://interfere.com,2025,"New York, NY, USA",Luke Shiels,https://linkedin.com/in/shiels,https://x.com/lukeshiels
Munify,https://www.ycombinator.com/companies/munify,Summer 2025,Fintech,"The Cross-Border Neobank for the Middle East. Founded in 2025 by Khalid Ashmawy, Munify has 4 employees based in .",https://munify.ai,2025,,Khalid Ashmawy,https://www.linkedin.com/in/khalidashmawy/,
TectoAI,https://www.ycombinator.com/companies/tectoai,Summer 2025,B2B,"A Platform for AI Governance. Founded in 2025 by Niosha Afsharikia, PhD and Roksana Baleshzar, TectoAI has 2 employees based in San Francisco, CA, USA. TectoAI is hiring for 1 roles in engineering.",https://www.tecto.ai,2025,"San Francisco, CA, USA",Co-founder & CEO; Roksana Baleshzar; 🎬🍿,https://www.linkedin.com/in/afsharikia/; https://www.linkedin.com/in/roksana-baleshzar/; https://www.linkedin.com/in/afsharikia/,; ; 
Duranium,https://www.ycombinator.com/companies/duranium,Summer 2025,Industrials; Manufacturing and Robotics,"Reshoring critical metal production. Founded in 2025 by Berkley Noble and Brenden Prins-McKinney, Duranium has 4 employees based in Alameda, CA, USA.",https://www.duranium.co,2025,"Alameda, CA, USA",Brenden Prins-McKinney; Berkley Noble,https://www.linkedin.com/in/brenden-prins-mckinney-96959a69/; https://www.linkedin.com/in/berkleynoble/,; 
Modelence,https://www.ycombinator.com/companies/modelence,Summer 2025,B2B; Infrastructure,"The full-stack platform for agentic development. Founded in 2025 by Eduard Piliposyan and Aram Shatakhtsyan, Modelence has 3 employees based in San Francisco, CA, USA.",https://modelence.com,2025,"San Francisco, CA, USA",Aram Shatakhtsyan; Eduard Piliposyan,https://www.linkedin.com/in/artahian/; https://www.linkedin.com/in/eduard-piliposyan,https://x.com/artahian; https://x.com/ed_piliposyan
Magnetic,https://www.ycombinator.com/companies/magnetic,Summer 2025,B2B; Productivity,"AI Tax Preparer for CPA firms. Founded in 2024 by Patrick Fay and Thomas Shelley, Magnetic has 2 employees based in . Magnetic is hiring for 1 roles in engineering.",https://youtu.be/5--kYPgPLEM,2024,,Thomas Shelley; Patrick Fay,https://linkedin.com/in/thomasjshelley; https://linkedin.com/in/patrick-fay-5418a822,https://x.com/tsh3ll; 
Fleetline,https://www.ycombinator.com/companies/fleetline,Summer 2025,B2B; Supply Chain and Logistics,"Optimizing fleet planning with data driven algorithms. Founded in 2025 by Veer Juneja and Saurav Kumar, Fleetline has 7 employees based in New York, NY, USA. Fleetline is hiring for 2 roles in engineering.",https://fleetline.ai,2025,"New York, NY, USA",Saurav Kumar; Veer Juneja,https://linkedin.com/in/sauravml; https://www.linkedin.com/in/veer-juneja-67255417a/,https://twitter.com/sauravml; 
Clodo,https://www.ycombinator.com/companies/clodo,Summer 2025,B2B; Sales,"Planet-scale people search. GTM, Sales, Recruiting, Marketing, and Ops. Founded in 2025 by Rithvik Chuppala and Sid Rajaram, Clodo has 2 employees based in San Francisco, CA, USA.",https://clodo.ai,2025,"San Francisco, CA, USA",Sid Rajaram; Rithvik Chuppala,https://linkedin.com/in/sidharthrajaram; https://www.linkedin.com/in/rithvikchuppala/,https://x.com/sixtensor; https://x.com/vikchuppala
Juxta,https://www.ycombinator.com/companies/juxta,Summer 2025,B2B,"Building a GPS alternative 100x more powerful with no hardware needed. Founded in 2024 by John Ferrara, Juxta has  employees based in . Juxta is hiring for 1 roles in marketing.",https://juxta.com,2024,,John Ferrara,https://www.linkedin.com/in/ferrara-john/,https://x.com/byjohnf
KERNEL,https://www.ycombinator.com/companies/kernel,Summer 2025,B2B; Infrastructure,"Crazy fast, open source infra for AI agents to use the Internet. Founded in 2025 by Rafael Garcia and Catherine Jue, KERNEL has 6 employees based in San Francisco, CA, USA.",https://www.kernel.sh,2025,"San Francisco, CA, USA",Catherine Jue; Rafael Garcia,https://www.linkedin.com/in/juecd; https://www.linkedin.com/in/rafgarcia/,https://twitter.com/juecd__; https://twitter.com/rfgarcia
Reacher,https://www.ycombinator.com/companies/reacher,Summer 2025,B2B,"We automate creator marketing for the world's largest brands. Founded in 2024 by Bora Mutluoglu and Jerry Qian, Reacher has 15 employees based in San Francisco, CA, USA. Reacher is hiring for 5 roles in engineering, support, and sales.",https://reacherapp.com,2024,"San Francisco, CA, USA",Jerry Qian; Bora Mutluoglu,https://linkedin.com/in/j-qian; https://linkedin.com/in/bora-mutluoglu,https://x.com/JerryQian_; https://x.com/BoraMutluoglu
Notte,https://www.ycombinator.com/companies/notte,Summer 2025,B2B,"Reliable Web Agents for Enterprise. Founded in 2025 by Lucas Giordano and Andrea Pinto, Notte has 5 employees based in San Francisco, CA, USA.",https://www.notte.cc,2025,"San Francisco, CA, USA",Andrea Pinto; Lucas Giordano,https://www.linkedin.com/in/pinto-andrea; https://www.linkedin.com/in/giordano-lucas/,https://x.com/ogandreakiro; https://x.com/lucas_gdno
Pally,https://www.ycombinator.com/companies/pally,Summer 2025,B2B; Productivity,"Intelligent Unified Inbox + Personal CRM. Founded in 2024 by Haz Hubble and Wyatt Lansford, Pally has 3 employees based in San Francisco, CA, USA.",https://pally.com,2024,"San Francisco, CA, USA",Haz Hubble; Wyatt Lansford,https://linkedin.com/in/hazhubble; https://www.linkedin.com/in/wyattlansford,https://www.x.com/hazhubble; https://x.com/wylansford
Locata,https://www.ycombinator.com/companies/locata,Summer 2025,Healthcare; Healthcare IT,"AI Referral Automation for Primary Care Clinics. Founded in 2025 by Joshua Chang and Alejandro Salinas, Locata has 4 employees based in New York, NY, USA.",https://www.locatahealth.com,2025,"New York, NY, USA",Alejandro Salinas; Joshua Chang; ❌ The Problem,https://www.linkedin.com/in/asalinas21/; https://www.linkedin.com/in/joshua-r-chang/; https://www.linkedin.com/in/asalinas21/,; ; 
Pleom,https://www.ycombinator.com/companies/pleom,Summer 2025,B2B; Analytics,"Agentic Business Intelligence. Founded in 2025 by Royce Arockiasamy, Pleom has 0 employees based in .",https://pleom.com,2025,,Royce Arockiasamy,https://www.linkedin.com/in/roycea1/,https://x.com/roycearoc
Convexia,https://www.ycombinator.com/companies/convexia,Summer 2025,Healthcare; Drug Discovery and Delivery,"The world's first AI-maximalist pharma company. Founded in 2025 by Ayaan Parikh and Rahul Vijayan, Convexia has 4 employees based in . Convexia is hiring for 1 roles in engineering.",https://convexia.bio,2025,,Ayaan Parikh; Rahul Vijayan; 🎥 Launch Video,https://www.linkedin.com/in/ayaan-parikh; https://www.linkedin.com/in/rahulvijayan28/; https://www.linkedin.com/in/ayaan-parikh/,; ; 
SigmanticAI,https://www.ycombinator.com/companies/sigmanticai,Summer 2025,"B2B; Engineering, Product and Design","The Cursor for Chip Design - Delivering Silicon-Ready Chip Designs…. Founded in 2025 by Rohil Khare and Tamzid Razzaque, SigmanticAI has 2 employees based in Dublin, CA 94568, USA.",https://www.sigmanticai.com,2025,"Dublin, CA 94568, USA",Rohil Khare; Tamzid Razzaque,https://www.linkedin.com/in/rohil-khare/; https://www.linkedin.com/in/tamzid-razzaque/,; 
Opennote,https://www.ycombinator.com/companies/opennote,Summer 2025,Consumer,"The notebook that thinks with you. Founded in 2025 by Abhi Arya, Rishi Srihari, and Vedant Vyas, Opennote has 3 employees based in San Francisco, CA, USA.",https://opennote.com,2025,"San Francisco, CA, USA",Rishi Srihari; Abhi Arya; Vedant Vyas; Hey 👋,https://www.linkedin.com/in/rishi-srihari/; https://linkedin.com/in/abhiaarya; https://www.linkedin.com/in/vedant-vyas5/; https://www.linkedin.com/in/abhiaarya/,https://x.com/rishi_srihari; https://x.com/abh1a0; https://x.com/vedantvyas; 
Sira,https://www.ycombinator.com/companies/sira,Summer 2025,B2B; Human Resources,"AI Native Rippling for Deskless Workers. Founded in 2025 by Nathan Belaye and Antonio Chan, Sira has 0 employees based in .",https://sira.team,2025,,Nathan Belaye; Antonio Chan,https://www.linkedin.com/in/nathan-belaye-931005149/; https://www.linkedin.com/in/antonio-chan/,; 
F4 Industries,https://www.ycombinator.com/companies/f4-industries,Summer 2025,Industrials,"The GD&T Analysis Platform for Engineering Drawings. Founded in 2025 by Aidan Cantu and Paul Shin, F4 Industries has 5 employees based in San Francisco, CA, USA.",https://f4.dev,2025,"San Francisco, CA, USA",Paul Shin; Aidan Cantu,https://www.linkedin.com/in/paul-hyoungsang-shin/; https://www.linkedin.com/in/aidan-cantu/,https://x.com/ur_hyoung; https://x.com/_aidan_cantu_
Eden,https://www.ycombinator.com/companies/tryeden,Summer 2025,B2B; Sales,"Synthetic data + simulators for sales demos. Founded in 2025 by Jason He and Alex Talamonti, Eden has 2 employees based in New York, NY, USA.",https://edenhq.com,2025,"New York, NY, USA",Alex Talamonti; Jason He,https://www.linkedin.com/in/alexander-talamonti/; https://www.linkedin.com/in/jasonjche/,https://x.com/AlexTalamonti; https://x.com/jasonjche
Altur,https://www.ycombinator.com/companies/altur,Summer 2025,B2B,"Voice AI Agents for Debt Collection. Founded in 2023 by Pedro Fernández and Luis Olave, Altur has 4 employees based in Mexico City, CDMX, Mexico. Altur is hiring for 1 roles in engineering.",https://altur.io,2023,"Mexico City, CDMX, Mexico",Luis Olave; Pedro Fernández,https://linkedin.com/in/luis-olave; https://www.linkedin.com/in/pedrofdzl,; 
PARES AI,https://www.ycombinator.com/companies/pares-ai,Summer 2025,Real Estate and Construction,"Helping commercial real estate brokers find and close more deals. Founded in 2025 by Zihao Wang, PARES AI has 3 employees based in San Francisco, CA, USA.",https://www.pares.ai,2025,"San Francisco, CA, USA",Zihao Wang,https://www.linkedin.com/in/zihao-wang-mh/,
Nautilus,https://www.ycombinator.com/companies/nautilus,Summer 2025,B2B; Sales,"AI platform to grow and to optimize car washes. Founded in 2024 by Amayr Babar and Ali Sareini, Nautilus has 3 employees based in San Francisco, CA, USA. Nautilus is hiring for 1 roles in engineering.",https://nautilus.co,2024,"San Francisco, CA, USA",Amayr Babar; Ali Sareini,https://linkedin.com/in/amayrbabar; https://www.linkedin.com/in/alisareini/,; 
Humoniq,https://www.ycombinator.com/companies/humoniq,Summer 2025,B2B,"AI-Native BPO for travel & transport. Founded in 2025 by Todd Sullivan and Will Weber, Humoniq has 6 employees based in San Francisco, CA, USA.",https://humoniq.ai,2025,"San Francisco, CA, USA",Todd Sullivan; Will Weber; ❌ The Problem:,https://www.linkedin.com/in/todsul/; https://www.linkedin.com/in/w-weber/; https://www.linkedin.com/in/w-weber/,https://x.com/todsul; ; 
Palace,https://www.ycombinator.com/companies/palace,Summer 2025,B2B; Supply Chain and Logistics,"Palace lets commercial truck fleet optimize load plans in less time. Founded in 2025 by Leeds Rising and Derek Ye, Palace has 2 employees based in San Francisco, CA, USA.",https://www.palace.so,2025,"San Francisco, CA, USA",Leeds Rising; Derek Ye,https://www.linkedin.com/in/leedsrising; https://www.linkedin.com/in/derek-ye-853412159/,https://x.com/LeedsRising; 
Idler,https://www.ycombinator.com/companies/idler,Summer 2025,"B2B; Engineering, Product and Design","Reinforcement learning environments. . Founded in 2025 by Ivan Chub, Nalu Concepcion, and Tony Goss, Idler has 14 employees based in San Francisco, CA, USA. Idler is hiring for 4 roles in engineering and operations.",https://idler.ai,2025,"San Francisco, CA, USA",Ivan Chub; Nalu Concepcion; Tony Goss,https://www.linkedin.com/in/ivanchub/; https://linkedin.com/in/nalu-concepcion/; https://www.linkedin.com/in/tony-goss-a53732132,https://x.com/chubivan; https://x.com/naluconcepcion; https://x.com/cha0sg0d_
Floot,https://www.ycombinator.com/companies/floot,Summer 2025,"B2B; Engineering, Product and Design","The easiest way for non-coders to build apps with AI. Founded in 2025 by Edward Look and Yujian Yao, Floot has 2 employees based in . Floot is hiring for 1 roles in engineering.",https://floot.com,2025,,Yujian Yao; Edward Look; The Problem,https://www.linkedin.com/in/yjyao/; https://www.linkedin.com/in/edwlk/; https://www.linkedin.com/in/yjyao/,https://x.com/yyjhao; https://x.com/edlooky; 
Alara,https://www.ycombinator.com/companies/alara,Summer 2025,B2B,"Procurement Platform for Dental Offices. Founded in 2025 by Kamal Obbad, Elyas Obbad, and Dr. Sabrine Obbad, Alara has 0 employees based in .",http://alaradental.com,2025,,Dr. Sabrine Obbad; Elyas Obbad,https://www.linkedin.com/in/sabrineobbad; https://www.linkedin.com/in/elyas-obbad-071a01176/,; https://x.com/ObbadElyas
Socratix AI,https://www.ycombinator.com/companies/socratix-ai,Summer 2025,B2B; Operations,"AI coworkers for fraud and risk teams. Founded in 2025 by Riya Jagetia and Satya Vasanth Tumati, Socratix AI has 3 employees based in . Socratix AI is hiring for 3 roles in engineering and product.",https://getsocratix.ai,2025,,Riya Jagetia; Satya Vasanth Tumati; ❌ The Problem:,https://www.linkedin.com/in/riya-jagetia/; https://www.linkedin.com/in/satya-vasanth/; https://www.linkedin.com/in/riya-jagetia/,https://twitter.com/RiyaJagetia; https://x.com/SirWitWit; 
Omnara,https://www.ycombinator.com/companies/omnara,Summer 2025,"B2B; Engineering, Product and Design","Mobile & Web Interface for Claude Code & Codex. Founded in 2025 by Kartik Sarangmath and Ishaan Sehgal, Omnara has 3 employees based in San Francisco, CA, USA.",https://omnara.com,2025,"San Francisco, CA, USA",Ishaan Sehgal; Kartik Sarangmath,https://www.linkedin.com/in/ishaan-sehgal/; https://www.linkedin.com/in/kartiksarangmath/,https://x.com/IshSup; https://x.com/kartiksmath
Knowlify,https://www.ycombinator.com/companies/knowlify,Summer 2025,B2B,"The AI Explainer Video Maker. Founded in 2025 by Jonathan Maynard, Ritam Rana, Arjun Talati, and Ritvik Varada, Knowlify has 6 employees based in San Francisco, CA, USA.",https://www.knowlify.com,2025,"San Francisco, CA, USA",Ritam Rana; Jonathan Maynard; Arjun Talati; Ritvik Varada,https://www.linkedin.com/in/ritamrana; https://www.linkedin.com/in/jonathanmaynard-/; https://www.linkedin.com/in/arjun-talati; https://www.linkedin.com/in/ritvik-varada/,; ; https://x.com/arjuntalati; 
Iron Grid,https://www.ycombinator.com/companies/iron-grid,Summer 2025,Fintech; Insurance,"AI Insurance for hardware. Founded in 2025 by Fern Morrison and Gabriele Pozzato, Iron Grid has 2 employees based in . Iron Grid is hiring for 1 roles in product.",https://getirongrid.com,2025,,Fern Morrison; Gabriele Pozzato,https://www.linkedin.com/in/elizabeth-fern-morrison/; https://www.linkedin.com/in/gabriele-pozzato-ph-d-2167a2107/,; 
Finto,https://www.ycombinator.com/companies/finto-de,Summer 2025,B2B; Finance and Accounting,"AI accounting for enterprise finance teams. Founded in 2025 by Linus Boehm, Jonas Morgner, and Lorenz Neuner, Finto has 7 employees based in Munich, Germany. Finto is hiring for 2 roles in engineering and product.",https://www.gofinto.com,2025,"Munich, Germany",Jonas Morgner; Linus Boehm; Lorenz Neuner; Problem,https://www.linkedin.com/in/jonasmorgner/; https://www.linkedin.com/in/linus-boehm/; https://www.linkedin.com/in/lorenz-neuner/; https://www.linkedin.com/in/lorenz-neuner/,https://x.com/FintoAI; ; ; 
Relling,https://www.ycombinator.com/companies/relling,Summer 2025,B2B; Infrastructure,"video research lab. Founded in 2025 by Jai Relan and Anya Singh, Relling has  employees based in San Francisco, CA, USA.",https://relling.co,2025,"San Francisco, CA, USA",Jai Relan; Anya Singh,https://www.linkedin.com/in/jairelan/; https://www.linkedin.com/in/anya-singh/,https://twitter.com/JaiRelan; 
Char,https://www.ycombinator.com/companies/char,Summer 2025,B2B; Productivity,"Open source AI notepad for meetings. Founded in 2023 by John Jeong and Yujong Lee, Char has 4 employees based in .",https://char.com,2023,,John Jeong; Yujong Lee; Deokhaeng Lee,https://linkedin.com/in/johntopia; https://linkedin.com/in/yujong1ee; https://www.linkedin.com/in/dklee0127,https://x.com/computeless; https://x.com/yujonglee; https://x.com/duckduckhero
Manufact (formerly mcp-use),https://www.ycombinator.com/companies/manufact,Summer 2025,B2B; Infrastructure,"Open source SDK & cloud infrastructure for MCP Servers & ChatGPT Apps . Founded in 2025 by Luigi Pederzani and Pietro Zullo, Manufact (formerly mcp-use) has 3 employees based in . Manufact (formerly mcp-use) is hiring for 3 roles in engineering.",https://manufact.com,2025,,Pietro Zullo; Luigi Pederzani,https://linkedin.com/in/pietrozullo; https://www.linkedin.com/in/luigipederzani,https://x.com/pietrozullo; https://x.com/pederzh
Novaflow,https://www.ycombinator.com/companies/novaflow,Summer 2025,Healthcare,"The AI data analyst for biology labs. Founded in 2025 by Aman Agarwal and Amulya Balakrishnan, Novaflow has 2 employees based in San Francisco, CA, USA. Novaflow is hiring for 6 roles in engineering and science.",https://www.novaflowapp.com,2025,"San Francisco, CA, USA",Aman Agarwal; Amulya Balakrishnan,https://www.linkedin.com/in/aman-agarwal-ca; https://linkedin.com/in/amulya-balakrishnan,https://x.com/imamanforyou; 
Perseus Defense,https://www.ycombinator.com/companies/perseus-defense,Summer 2025,Industrials; Defense,"America's Golden Dome for Drones. Founded in 2025 by Jason Cornelius and Steve Messinger, Perseus Defense has 3 employees based in . Perseus Defense is hiring for 5 roles in engineering.",https://perseusdefense.com,2025,,Jason Cornelius; Steve Messinger; ❌ The Problem,https://www.linkedin.com/in/jason-k-cornelius/; https://www.linkedin.com/in/steve-messinger-a32680155/; https://www.linkedin.com/in/jason-k-cornelius/,; ; 
Phases,https://www.ycombinator.com/companies/phases,Summer 2025,Healthcare; Healthcare IT,"Automating clinical trials, starting with patient recruitment. Founded in 2025 by Jonathan van Wersch, James Wall, and Anton Zaliznyi, Phases has 3 employees based in San Francisco, CA, USA.",https://phases.ai,2025,"San Francisco, CA, USA",James Wall; Anton Zaliznyi; Co-founder & CTO,https://www.linkedin.com/in/j-m-wall/; https://www.linkedin.com/in/anton-zaliznyi/; https://www.linkedin.com/in/jonathan-vw/,; ; 
Solva,https://www.ycombinator.com/companies/solva,Summer 2025,Fintech; Insurance,"Automates insurance claims and stops incorrect payouts. Founded in 2025 by Sorena Amini, Herman Båverud Olsson, and Linus Malmén, Solva has 15 employees based in . Solva is hiring for 1 roles in engineering.",https://solvatechnology.com,2025,,Herman Båverud Olsson; Sorena Amini; Linus Malmén,https://www.linkedin.com/in/hermanbaverudolsson/; https://www.linkedin.com/in/sorenaamini; https://linkedin.com/in/linus-malmen,; ; 
Mimos,https://www.ycombinator.com/companies/mimos,Summer 2025,B2B,"Helping companies rank in AI search. Founded in 2025 by Michael Korovkin and Rohit Sirosh, Mimos has 2 employees based in .",https://www.trymimos.com,2025,,Rohit Sirosh; Michael Korovkin,https://www.linkedin.com/in/rohit-sirosh/; https://www.linkedin.com/in/michael-korovkin/,; 
VibeFlow,https://www.ycombinator.com/companies/vibeflow,Summer 2025,B2B,"Lovable, n8n and a database all in one platform . Founded in 2025 by Alessia Paccagnella and Elia Saquand, VibeFlow has 0 employees based in . VibeFlow is hiring for 1 roles in engineering.",https://vibeflow.ai,2025,,Alessia Paccagnella; Elia Saquand,https://www.linkedin.com/in/alepacca; https://www.linkedin.com/in/elia-saquand-bb977b18a/,https://x.com/alessiapacca; 
Comena,https://www.ycombinator.com/companies/comena,Summer 2025,B2B; Supply Chain and Logistics,"AI agents for distributors and manufacturers to automate order entry. Founded in 2025 by Almo Sutedjo and Jiehua Wu, Comena has 2 employees based in . Comena is hiring for 5 roles in sales and engineering.",https://comena.ai,2025,,Jiehua Wu; Almo Sutedjo,https://www.linkedin.com/in/jiehua-wu/; https://www.linkedin.com/in/almo-sutedjo/,; 
GhostEye,https://www.ycombinator.com/companies/ghosteye,Summer 2025,B2B; Security,"Vulnerability Management for the Human Layer . Founded in 2025 by Mohammad Eshan and Charles Antoine Malenfant, GhostEye has 3 employees based in New York, NY, USA. GhostEye is hiring for 1 roles in sales.",https://ghosteye.ai,2025,"New York, NY, USA",Mohammad Eshan; Charles Antoine Malenfant,https://www.linkedin.com/in/moheshan/; https://www.linkedin.com/in/charles-antoine-malenfant-618776b9/,https://x.com/eshannnnnnnn; 
Channel3,https://www.ycombinator.com/companies/channel3,Summer 2025,B2B; Retail,"Database of every product on the internet. Founded in 2025 by George Lawrence and Alexander Schiff, Channel3 has 5 employees based in New York, NY, USA.",https://trychannel3.com,2025,"New York, NY, USA",Alexander Schiff; George Lawrence; What?,https://linkedin.com/in/alexanderschiff; https://linkedin.com/in/george-lawrence-aab0011a6; https://www.linkedin.com/in/george-lawrence-aab0011a6/,https://x.com/schiffyalex; ; 
Epicenter,https://www.ycombinator.com/companies/epicenter,Summer 2025,Consumer,"ChatGPT's memory feature in an open, portable format. Founded in 2025 by Braden Wong, Epicenter has 1 employees based in San Francisco, CA, USA.",https://epicenter.md,2025,"San Francisco, CA, USA",Braden Wong,https://www.linkedin.com/in/braden-wong/,
Costream,https://www.ycombinator.com/companies/costream,Summer 2025,Consumer,"Indexing human dialogue through digital products. Founded in 2025 by Ayush Mahna and Aditya Mahna, Costream has 2 employees based in San Francisco, CA, USA.",https://www.costream.ai,2025,"San Francisco, CA, USA",Aditya Mahna; Ayush Mahna,https://www.linkedin.com/in/aditya-mahna-b57256325/; https://www.linkedin.com/in/ayush-mahna-34r,; 
Embedder,https://www.ycombinator.com/companies/embedder,Summer 2025,"B2B; Engineering, Product and Design","AI Firmware Engineer. Founded in 2025 by Ethan Gibbs and Bob Wei, Embedder has 4 employees based in San Francisco, CA, USA.",https://www.embedder.com,2025,"San Francisco, CA, USA",Ethan Gibbs; Bob Wei,https://www.linkedin.com/in/etgibbs/; https://www.linkedin.com/in/jiachew,https://x.com/ethanmgibbs; https://x.com/imbobwei
Flai,https://www.ycombinator.com/companies/flai,Summer 2025,Industrials; Automotive,"We Bring Customers to Your Dealership. Founded in 2025 by Juan Alzugaray, Ari Polakof, and Alen Polakof, Flai has 15 employees based in . Flai is hiring for 1 roles in sales.",https://www.useflai.com,2025,,Ari Polakof; Juan Alzugaray; Alen Polakof,https://www.linkedin.com/in/ari-polakof-78b976150/; https://www.linkedin.com/in/jfalzugaray/; https://www.linkedin.com/in/alenpolakof,; ; 
Interface,https://www.ycombinator.com/companies/theinterface,Summer 2025,Consumer,"The world model research lab. Founded in 2025 by Max Raven and Peyton Shields, Interface has 2 employees based in New York, NY, USA. Interface is hiring for 2 roles in engineering.",https://www.theinterface.com,2025,"New York, NY, USA",Max Raven; Peyton Shields,https://www.linkedin.com/in/ravenmax/; https://www.linkedin.com/in/peyton-shields,; https://x.com/peytonshields_
Doe,https://www.ycombinator.com/companies/doe,Summer 2025,B2B,"The boring stuff, handled. Everything else, supercharged. Founded in 2025 by Adrian Barbir and Richard Ou, Doe has 4 employees based in San Francisco, CA, USA.",https://doe.so,2025,"San Francisco, CA, USA",Adrian Barbir; Richard Ou,https://www.linkedin.com/in/adrianbarbir; https://linkedin.com/in/yuhuangou,https://x.com/AdrianBarbir; https://x.com/yuhuangou
Theora,https://www.ycombinator.com/companies/theora,Summer 2025,B2B; Analytics,"OpenEvidence for Pharmaceutical Evidence. Founded in 2025 by Larissa Tyagi, Theora has 3 employees based in San Francisco, CA, USA.",https://www.theorahq.com,2025,"San Francisco, CA, USA",Larissa Tyagi,https://www.linkedin.com/in/larissatyagi100/,
Parachute,https://www.ycombinator.com/companies/parachute,Summer 2025,Healthcare; Healthcare IT,"Infrastructure for hospitals to monitor and deploy clinical AI . Founded in 2025 by Aria Vikram and Tony Yamin, Parachute has 2 employees based in .",https://parachute-ai.com,2025,,Aria Vikram; Tony Yamin,https://www.linkedin.com/in/aria-vikram/; https://www.linkedin.com/in/tyamin,; 
Riverbank,https://www.ycombinator.com/companies/riverbank,Summer 2025,B2B,"AI-native Red Teaming and Offensive Security . Founded in 2025 by Carter Pry, Riverbank has 1 employees based in San Francisco, CA, USA.",https://www.riverbank.sh,2025,"San Francisco, CA, USA",Carter Pry,https://linkedin.com/in/carterpry,https://x.com/carterpry
Kalinda,https://www.ycombinator.com/companies/kalinda,Summer 2025,B2B; Legal,"Deep research for class action law firms. Founded in 2025 by Sohil Bhatia and Sayan Bhatia, Kalinda has 2 employees based in . Kalinda is hiring for 1 roles in engineering.",https://www.kalinda.ai,2025,,Sayan Bhatia; Sohil Bhatia; The Problem:,https://www.linkedin.com/in/sayanbhatia/; https://www.linkedin.com/in/sohilbhatia/; https://www.linkedin.com/in/sayanbhatia/,https://x.com/sayanbhatia; https://x.com/sohilbhatia85; 
Stellon Labs,https://www.ycombinator.com/companies/stellon-labs,Summer 2025,"B2B; Engineering, Product and Design","Building tiny frontier AI models that run on edge devices. Founded in 2025 by Divam Gupta and Rohan Joshi, Stellon Labs has 2 employees based in San Francisco, CA, USA.",https://stellonlabs.com,2025,"San Francisco, CA, USA",Rohan Joshi; Divam Gupta,https://linkedin.com/in/rohan-m-joshi; https://linkedin.com/in/divamgupta,https://x.com/ron_joshi; https://x.com/divamgupta
BootLoop,https://www.ycombinator.com/companies/bootloop,Summer 2025,"B2B; Engineering, Product and Design","Firmware in minutes, not months - rigorously tested on real hardware. Founded in 2025 by Chris Markus and Noah Pacik-Nelson, BootLoop has 3 employees based in San Francisco, CA, USA. BootLoop is hiring for 1 roles in engineering.",https://bootloop.ai,2025,"San Francisco, CA, USA",Noah Pacik-Nelson; Chris Markus,https://www.linkedin.com/in/noah-pacik-nelson/; https://www.linkedin.com/in/chris-markus/,https://x.com/noahpaciknelson; https://x.com/chrism4rkus
cocreate,https://www.ycombinator.com/companies/cocreate,Summer 2025,Consumer; Content,"video production software. Founded in 2025 by Archish Arun and Tamish Pulappadi, cocreate has 4 employees based in San Francisco, CA, USA.",https://cocreate.so,2025,"San Francisco, CA, USA",Tamish Pulappadi; Archish Arun; Problem,https://www.linkedin.com/in/tamish-pulappadi/; https://linkedin.com/in/archisharun; https://www.linkedin.com/in/tamish-pulappadi/,; ; 
Slashy,https://www.ycombinator.com/companies/slashy,Summer 2025,B2B; Productivity,"Cursor for Email. Founded in 2025 by Pranjali Awasthi, Harsha Gaddipati, and Dhruv Roongta, Slashy has 3 employees based in San Francisco, CA, USA.",https://www.slashy.com,2025,"San Francisco, CA, USA",Pranjali Awasthi; Harsha Gaddipati; Dhruv Roongta,https://www.linkedin.com/in/pranjali-awasthi-neuro/; https://www.linkedin.com/in/harsha-gaddipati-032bb820a/; https://www.linkedin.com/in/dhruv-roongta-421a7b214/,https://x.com/raidingAI; https://x.com/GaddipatiHarsha; 
Wedge,https://www.ycombinator.com/companies/wedge,Summer 2025,Healthcare,"Palantir for Healthcare AI Agents. Founded in 2025 by Devraj Gopal and Steven Segawa, Wedge has 2 employees based in San Francisco, CA, USA.",https://www.wedge.health,2025,"San Francisco, CA, USA",Devraj Gopal; Steven Segawa; Problem:,https://www.linkedin.com/in/devraj-gopal-6a5865284; https://www.linkedin.com/in/steven-segawa/; https://www.linkedin.com/in/dev-gopal/,; https://x.com/ssegawa123; 
CareSwift,https://www.ycombinator.com/companies/careswift,Summer 2025,Healthcare,"AI scribe for Ambulance Reports. Founded in 2025 by Brian Weigand and Jonathan Zero, CareSwift has 2 employees based in New York, NY, USA. CareSwift is hiring for 1 roles in engineering.",https://www.careswift.com,2025,"New York, NY, USA",Brian Weigand; Jonathan Zero,https://www.linkedin.com/in/brian-weigand/; https://www.linkedin.com/in/jonathanzero/,; 
Pangolin,https://www.ycombinator.com/companies/pangolin,Summer 2025,B2B; Infrastructure,"Identity-aware VPN and proxy for remote access to anything, anywhere. Founded in 2025 by Owen Schwartz and Milo Schwartz, Pangolin has 2 employees based in San Francisco, CA, USA. Pangolin is hiring for 1 roles in engineering.",https://pangolin.net,2025,"San Francisco, CA, USA",Milo Schwartz; Owen Schwartz,https://www.linkedin.com/in/miloaschwartz/; https://www.linkedin.com/in/owenschwartz,; 
Kestroll:,https://www.ycombinator.com/companies/kestroll,Summer 2025,B2B; Operations,". Founded in  by Benjamin Skinner and Tom Yang, Kestroll has 2 employees based in San Francisco, CA, USA.",https://youtu.be/iXUkRBFOL0w,,"San Francisco, CA, USA",Benjamin Skinner; Tom Yang,https://linkedin.com/in/ben-skinner-profile; https://linkedin.com/in/tom-yang11,https://x.com/Benjmin_skinner; 
Tesora,https://www.ycombinator.com/companies/tesora,Summer 2025,B2B; Operations,"AI-Native Underwriting and Actuarial Workflows . Founded in 2025 by Vivek Rao and Federico Reyes Gomez, Tesora has 2 employees based in .",https://tesora.ai,2025,,Vivek Rao; Federico Reyes Gomez,https://www.linkedin.com/in/vivek-r-928871173/; https://www.linkedin.com/in/federico-reyes-gomez,; 
DeepAware AI,https://www.ycombinator.com/companies/deepaware-ai,Summer 2025,B2B; Infrastructure,"Help AI data centers unlock more compute and become more efficient. Founded in 2025 by Jerry Huang and Stela Tong, DeepAware AI has 2 employees based in San Francisco, CA, USA. DeepAware AI is hiring for 3 roles in engineering and sales.",https://deepawareai.com,2025,"San Francisco, CA, USA",Jerry Huang; Stela Tong; Problem,https://www.linkedin.com/in/jerryh01/; https://www.linkedin.com/in/stela-tong-a2583110b/; https://www.linkedin.com/in/jerryh01/,https://x.com/jerryhuang01; ; 
Stockline,https://www.ycombinator.com/companies/stockline,Summer 2025,B2B,"AI-native ERP for food wholesalers. Founded in 2025 by Moncef DJAFRI and Mariem Ould Ismail, Stockline has 2 employees based in San Francisco, CA, USA.",https://stockline.ai,2025,"San Francisco, CA, USA",Mariem Ould Ismail; Moncef DJAFRI,https://www.linkedin.com/in/mariem-ould-ismail-b45917262/; https://www.linkedin.com/in/moncef-djafri-100425247/,; 
Proliferate,https://www.ycombinator.com/companies/proliferate,Summer 2025,"B2B; Engineering, Product and Design","The autonomous engineering organization. Founded in 2025 by Pablo Hansen, Proliferate has  employees based in San Francisco, CA, USA. Proliferate is hiring for 1 roles in engineering.",https://proliferate.com,2025,"San Francisco, CA, USA",Pablo Hansen,https://linkedin.com/in/pablo-hansen,https://x.com/thepablohansen
DeepGrove,https://www.ycombinator.com/companies/deepgrove,Summer 2025,B2B,"Frontier Intelligence. On Any Device. Founded in 2025 by Shayaan Emran and Edward Zhang, DeepGrove has 3 employees based in . DeepGrove is hiring for 1 roles in engineering.",https://deepgrove.ai,2025,,Shayaan Emran; Edward Zhang,; ,; 
Skope,https://www.ycombinator.com/companies/skope,Summer 2025,B2B,"AI Agents for SMB Law Firms. Founded in 2025 by Connor Park and Ben Smith, Skope has 2 employees based in San Francisco, CA, USA.",https://useskope.com,2025,"San Francisco, CA, USA",Ben Smith; Connor Park,https://www.linkedin.com/in/ben-smith-b15b12293/; https://www.linkedin.com/in/connor-park24/,https://x.com/imbensmith; 
Alter,https://www.ycombinator.com/companies/alter,Summer 2025,B2B; Security,"Secure access control and authorization platform for agent workflows. Founded in 2025 by Srikar Dandamuraju and Kevan Dodhia, Alter has 2 employees based in New York, NY, USA.",https://alterai.dev,2025,"New York, NY, USA",Srikar Dandamuraju; Kevan Dodhia,https://linkedin.com/in/srikar-d-473390136; https://linkedin.com/in/kevan-dodhia-760183129,https://x.com/realsreeks; 
Janet AI,https://www.ycombinator.com/companies/tryjanet,Summer 2025,B2B,"The AI-Native Jira. Founded in 2025 by William Barthell and Adhit Sankaran, Janet AI has 2 employees based in . Janet AI is hiring for 2 roles in operations and engineering.",https://janet.ai,2025,,Adhit Sankaran; William Barthell,https://www.linkedin.com/in/adhitsankaran/; https://www.linkedin.com/in/william-barthell/,; 
Wafer,https://www.ycombinator.com/companies/wafer,Summer 2025,"B2B; Engineering, Product and Design","AI that makes AI fast. Founded in 2025 by Emilio Andere and Steven Arellano, Wafer has 5 employees based in San Francisco, CA, USA. Wafer is hiring for 3 roles in engineering.",https://www.wafer.ai,2025,"San Francisco, CA, USA",Emilio Andere; Steven Arellano,https://linkedin.com/in/emi-andere; https://www.linkedin.com/in/stevenjarellano/,https://x.com/technoabsurdist; https://x.com/gpusteve
Orange Slice,https://www.ycombinator.com/companies/orange-slice,Summer 2025,B2B; Sales,"Agentic sales enrichment spreadsheet. Founded in 2025 by Vihaar Nandigala and Kishan Sripada, Orange Slice has 2 employees based in . Orange Slice is hiring for 1 roles in engineering.",https://orangeslice.ai,2025,,Vihaar Nandigala; Kishan Sripada,https://www.linkedin.com/in/vihaar-nandigala/; https://www.linkedin.com/in/kishansripada/,https://twitter.com/VihaarNandigala; 
Design Arena,https://www.ycombinator.com/companies/design-arena,Summer 2025,Consumer,"World's largest crowdsourced benchmark for AI-generated design. Founded in 2025 by Grace Li and Kamryn Ohly, Design Arena has 3 employees based in San Francisco, CA, USA.",https://www.designarena.ai,2025,"San Francisco, CA, USA",Grace Li; Kamryn Ohly,https://www.linkedin.com/in/grace-li-721a4017b/; https://www.linkedin.com/in/kamrynohly/,https://x.com/grx_xce; https://x.com/kamrynohly
EffiGov,https://www.ycombinator.com/companies/effigov,Summer 2025,Government,"The AI OS for Cities. Founded in 2025 by Aden Clemente and Aubteen Pour-Biazar, EffiGov has 3 employees based in San Francisco, CA, USA. EffiGov is hiring for 2 roles in engineering.",https://effigov.com,2025,"San Francisco, CA, USA",Aubteen Pour-Biazar; Aden Clemente,https://www.linkedin.com/in/aubteen-pour-biazar/; https://www.linkedin.com/in/aden-clemente,https://x.com/AubteenPB; https://x.com/adencle
Lark,https://www.ycombinator.com/companies/lark,Summer 2025,"B2B; Engineering, Product and Design","The E2E testing layer for AI-driven development. Founded in 2025 by Jack Brown and Vijit Dhingra, Lark has 2 employees based in San Francisco, CA, USA.",https://getlark.ai,2025,"San Francisco, CA, USA",Vijit Dhingra; Jack Brown; Problem 🔴,https://www.linkedin.com/in/vijitdhingra/; https://www.linkedin.com/in/jackcbrown/; https://www.linkedin.com/in/vijitdhingra/,https://x.com/VijitDhingra1; ; 
Topological,https://www.ycombinator.com/companies/topological,Summer 2025,"B2B; Engineering, Product and Design","Physics-based foundation models for CAD optimization. Founded in 2025 by Zeyneb Kaya and Nicole Ma, Topological has 2 employees based in .",https://www.topological.com,2025,,Nicole Ma; Zeyneb Kaya,https://www.linkedin.com/in/ma06nicole/; https://www.linkedin.com/in/zeyneb-kaya/,; https://x.com/zeynebnkaya
datafruit,https://www.ycombinator.com/companies/datafruit,Summer 2025,"B2B; Engineering, Product and Design","Agents for Enterprise Software Integration Teams. Founded in 2025 by Venkat Arun, Tom Jeong, and Nick Papciak, datafruit has 4 employees based in San Francisco, CA, USA.",https://datafruit.ai,2025,"San Francisco, CA, USA",Venkat Arun; Tom Jeong; Nick Papciak,https://www.linkedin.com/in/venkat-arun-22677b223/; https://www.linkedin.com/in/tomwsjeong/; https://www.linkedin.com/in/nickpapciak,; https://x.com/TommyLovesSosa; https://x.com/completely_np
ContextFort,https://www.ycombinator.com/companies/contextfort,Summer 2025,B2B; Security,"Visibility and Controls for Browser Agents. Founded in 2025 by Ashwin Ramachandran, ContextFort has 2 employees based in San Francisco, CA, USA.",https://contextfort.ai,2025,"San Francisco, CA, USA",Ashwin Ramachandran,https://www.linkedin.com/in/ashwinram2002/,https://x.com/ashwinram2002
ZeroEval,https://www.ycombinator.com/companies/zeroeval,Summer 2025,B2B,"Auto-optimizer for AI agents. Founded in 2025 by Jonathan Chávez and Sebastian Crossa, ZeroEval has 2 employees based in New York, NY, USA.",https://zeroeval.com,2025,"New York, NY, USA",Jonathan Chávez; Sebastian Crossa,https://www.linkedin.com/in/jonathanchatab; https://linkedin.com/in/sebastiancrossa,https://x.com/pirchavez; https://x.com/sebcrossa
Verne Robotics,https://www.ycombinator.com/companies/verne-robotics,Summer 2025,Industrials; Manufacturing and Robotics,"AI models that teach robots new skills in hours. Founded in 2025 by Aditya Jha and Neil Nie, Verne Robotics has 4 employees based in San Francisco, CA, USA. Verne Robotics is hiring for 2 roles in operations and engineering.",https://vernerobotics.com,2025,"San Francisco, CA, USA",Neil Nie; Aditya Jha,https://linkedin.com/in/neilnie; https://linkedin.com/in/adityajha21,https://x.com/neil_nie_; 
Playgent,https://www.ycombinator.com/companies/playgent,Summer 2025,Healthcare; Healthcare IT,"Sandboxes for AI agents. Founded in 2025 by Neer Jain and Aniruddh Sriram, Playgent has 2 employees based in San Francisco, CA, USA.",https://useplaygent.com,2025,"San Francisco, CA, USA",Aniruddh Sriram; Neer Jain,https://www.linkedin.com/in/aniruddh-sriram/; https://www.linkedin.com/in/neer-jain/,; 
Liva AI,https://www.ycombinator.com/companies/liva-ai,Summer 2025,B2B,"Audio & Video Data. Founded in 2025 by Ashley Mo and Aoi Otani, Liva AI has 2 employees based in San Francisco, CA, USA. Liva AI is hiring for 1 roles in engineering.",https://www.theliva.ai,2025,"San Francisco, CA, USA",Ashley Mo; Aoi Otani,https://www.linkedin.com/in/ashley-mo/; https://linkedin.com/in/aoi-otani-ab3a1b205,https://x.com/ashlleymo; https://x.com/bigvalleyblue
Shor,https://www.ycombinator.com/companies/shor,Summer 2025,Fintech; Payments,"The fastest, most affordable payroll for global teams. Founded in 2025 by Daivik Goel and Avi Konduru, Shor has 4 employees based in San Francisco, CA, USA.",https://www.tryshor.com,2025,"San Francisco, CA, USA",Daivik Goel; Avi Konduru,https://linkedin.com/in/daivikg; https://linkedin.com/in/kumaravinash-avi-konduru-54b3a6bb,https://x.com/daivikgoel; https://x.com/avikonduru
Golpo,https://www.ycombinator.com/companies/golpo,Summer 2025,B2B; Productivity,"Create Whiteboard Explainer Videos with AI from a Prompt or Document. Founded in 2024 by Shreyas Kar and Shraman Kar, Golpo has 4 employees based in San Francisco, CA, USA.",https://video.golpoai.com,2024,"San Francisco, CA, USA",Shraman Kar; Shreyas Kar,https://www.linkedin.com/in/shraman-kar/; https://www.linkedin.com/in/shreyas-kar/,https://x.com/ShramanKar; https://x.com/KarShreyas
gitdot,https://www.ycombinator.com/companies/gitdot,Summer 2025,B2B; Productivity,"A better GItHub. Founded in 2025 by Paul Bae and Mikkel Kim, gitdot has 2 employees based in .",https://www.gitdot.io,2025,,Paul Bae; Mikkel Kim,https://www.linkedin.com/in/baepaul; https://www.linkedin.com/in/mikkel-kim-488b88b3,https://x.com/baepaul; 
truthsystems,https://www.ycombinator.com/companies/truthsystems,Summer 2025,B2B; Infrastructure,"Automatically blocking risky behavior with real-time governance agents. Founded in 2023 by Alex Mac and Nam Nguyen, truthsystems has 3 employees based in San Francisco, CA, USA.",https://www.truthsystems.ai,2023,"San Francisco, CA, USA",Alex Mac,https://linkedin.com/in/anh-mac,
AgentMail,https://www.ycombinator.com/companies/agentmail,Summer 2025,B2B; Infrastructure,"Email Inboxes for AI Agents. Founded in 2025 by Haakam Aujla, Michael Kim, and Adi Singh, AgentMail has 8 employees based in San Francisco, CA, USA. AgentMail is hiring for 4 roles in marketing, operations, and engineering.",https://agentmail.to,2025,"San Francisco, CA, USA",Haakam Aujla; Michael Kim; Adi Singh,https://www.linkedin.com/in/haaaujla/; https://www.linkedin.com/in/hyun-michael-kim-281242220/; https://linkedin.com/in/adivirsingh13,https://x.com/haakamaujla; https://x.com/michaelhyunkim; https://x.com/adisingh
Halluminate,https://www.ycombinator.com/companies/halluminate,Summer 2025,B2B,"Data and RL environments to automate knowledge work. Founded in 2024 by Wyatt Marshall and Jerry Wu, Halluminate has 5 employees based in San Francisco, CA, USA. Halluminate is hiring for 1 roles in engineering.",https://halluminate.ai,2024,"San Francisco, CA, USA",Jerry Wu; Wyatt Marshall; Tldr,https://www.linkedin.com/in/jerry-wu-7814b0100/details/experience/; https://linkedin.com/in/wyatt-marshall-a40797198; https://www.linkedin.com/in/jerry-wu-7814b0100/,https://x.com/Jerr_Wu; https://x.com/wgm752; https://x.com/Jerr_Wu
MangoDesk,https://www.ycombinator.com/companies/mangodesk,Summer 2025,B2B,"RL environments for software engineering. Founded in 2025 by Ankith Subramanya and Ananth Subramanya, MangoDesk has 2 employees based in San Francisco, CA, USA. MangoDesk is hiring for 1 roles in engineering.",https://www.mangodesk.com,2025,"San Francisco, CA, USA",Ankith Subramanya; Ananth Subramanya,https://linkedin.com/in/ankithsubramanya; https://www.linkedin.com/in/ams29,; 
The Prompting Company,https://www.ycombinator.com/companies/the-prompting-company,Summer 2025,B2B; Marketing,"We help products get mentioned in ChatGPT. Founded in 2025 by Kevin Chandra, Michelle Marcelline, and Albert Purnama, The Prompting Company has 4 employees based in . The Prompting Company is hiring for 3 roles in engineering, sales, and operations.",https://www.promptingcompany.com,2025,,Kevin Chandra; Michelle Marcelline; Albert Purnama,https://www.linkedin.com/in/kevinnicholaschandra; https://www.linkedin.com/in/michelle-marcelline/; https://www.linkedin.com/in/albertputrapurnama/,https://twitter.com/kvnchandra; https://twitter.com/michwirantono; https://twitter.com/albertpurnama
Acrely,https://www.ycombinator.com/companies/acrely,Summer 2025,B2B,"Enterprise Voice Agents. Founded in 2025 by Derek Armfield and Alek Stefanov, Acrely has 6 employees based in . Acrely is hiring for 1 roles in engineering.",https://www.acrely.ai,2025,,Alek Stefanov; Derek Armfield,https://www.linkedin.com/in/alexander-a-stefanov/; https://www.linkedin.com/in/derek-armfield/,; 
Dedalus Labs,https://www.ycombinator.com/companies/dedalus-labs,Summer 2025,B2B; Infrastructure,"Connect any model(s) to any tool(s) and ship hosted agents in minutes. Founded in 2025 by Cathy Di and Windsor Nguyen, Dedalus Labs has 10 employees based in San Francisco, CA, USA. Dedalus Labs is hiring for 1 roles in engineering.",https://www.dedaluslabs.ai,2025,"San Francisco, CA, USA",Cathy Di; Windsor Nguyen,https://www.linkedin.com/in/cathydi; https://linkedin.com/in/windsornguyen,https://x.com/itsCathyDi; https://x.com/WindsorNguyen
Closera,https://www.ycombinator.com/companies/closera,Summer 2025,B2B,"AI employees for commercial real estate. Founded in 2025 by Chinmay Patel and Anmol Tukrel, Closera has 2 employees based in San Francisco, CA, USA.",https://closera.com,2025,"San Francisco, CA, USA",Anmol Tukrel; Chinmay Patel; Problem,https://www.linkedin.com/in/anmoltukrel/; https://www.linkedin.com/in/chinmayspatel/; https://www.linkedin.com/in/anmoltukrel/,https://x.com/anmoltukrel; ; 
Meteor,https://www.ycombinator.com/companies/meteor,Summer 2025,Consumer,"An AI-Native Browser. Founded in 2025 by Farhan Khan and Pranav Madhukar, Meteor has 2 employees based in San Francisco, CA, USA.",https://browse.dev,2025,"San Francisco, CA, USA",Pranav Madhukar; Farhan Khan,https://www.linkedin.com/in/pranav-madhukar-pcm/; https://www.linkedin.com/in/farhankhan4,https://x.com/pranavcmadhukar; https://x.com/moggrammer
GETASAP,https://www.ycombinator.com/companies/getasap,Summer 2025,B2B; Supply Chain and Logistics,"Distribution at the Speed of Compute. Founded in 2023 by Raghav Arora and Pranavkrishna Suresh, GETASAP has 17 employees based in San Francisco, CA, USA.",https://www.getasap.us,2023,"San Francisco, CA, USA",Raghav Arora; Pranavkrishna Suresh; Ask:,https://www.linkedin.com/in/raghav-arora-516b1826b/; https://www.linkedin.com/in/pranavkrishnasuresh/; https://www.linkedin.com/in/raghav-arora-516b1826b/,; https://x.com/PKrishnaSuresh; 
Adaptional,https://www.ycombinator.com/companies/adaptional,Summer 2025,B2B,"AI underwriting for insurance. Founded in 2024 by Kevin Cox and Suril Kantaria, Adaptional has  employees based in San Francisco, CA, USA.",https://www.adaptional.com,2024,"San Francisco, CA, USA",Kevin Cox; Suril Kantaria,https://www.linkedin.com/in/kevin-cox-90337b47/; https://www.linkedin.com/in/suril-kantaria-59522922/,; 
Pingo AI,https://www.ycombinator.com/companies/pingo-ai,Summer 2025,Consumer,"AI companion that helps you learn languages. Founded in 2025 by Morrie Schonfeld and Michael Xing, Pingo AI has 4 employees based in . Pingo AI is hiring for 2 roles in engineering.",https://pingo.ai,2025,,Michael Xing; Morrie Schonfeld,https://www.linkedin.com/in/michael-xing-04216821a/; https://www.linkedin.com/in/morrie-schonfeld-1628002b1?utm_source=share&utm_campaign=share_via&utm_content=profile&utm_medium=ios_app,https://x.com/mrmukeee; https://x.com/MorrietheMoosee
Chestnut Forty,https://www.ycombinator.com/companies/chestnut-forty,Summer 2025,Consumer,"The AI forecasting company for global macro events. . Founded in 2025 by Veniamin Veselovsky, Chestnut Forty has 1 employees based in .",https://chestnutforty.com,2025,,Veniamin Veselovsky,https://linkedin.com/in/veniamin-v-bb1985116,https://x.com/VminVsky
Synthetic Society,https://www.ycombinator.com/companies/synthetic-society,Summer 2025,"B2B; Engineering, Product and Design","Synthetic Users to Simulate Real Users. Founded in 2025 by Aaron Chew and Kavan Doctor, Synthetic Society has 2 employees based in San Francisco, CA, USA.",https://syntheticsociety.ai,2025,"San Francisco, CA, USA",Kavan Doctor; Aaron Chew,https://www.linkedin.com/in/kavandoctor/; https://linkedin.com/in/aaronbchew,; https://x.com/aaronchewbani
Nixo,https://www.ycombinator.com/companies/nixo,Summer 2025,B2B,"The first ops platform for forward deployed engineers. Founded in 2025 by Priya Khandelwal, Nixo has 4 employees based in . Nixo is hiring for 1 roles in engineering.",https://withnixo.com,2025,,Priya Khandelwal,https://www.linkedin.com/in/priya-khandelwal-86b84018b/,
Serafis,https://www.ycombinator.com/companies/serafis,Summer 2025,B2B,"The AI knowledge graph for institutional investors. Founded in 2025 by Rohan Sharma, Serafis has 4 employees based in San Francisco, CA, USA.",https://serafis.ai,2025,"San Francisco, CA, USA",Rohan Sharma; Company Launches,https://www.linkedin.com/in/r9a; https://www.linkedin.com/in/r9a/,https://x.com/r9a_co; 
Wayline,https://www.ycombinator.com/companies/wayline,Summer 2025,Real Estate and Construction,"AI voice for property managers. Founded in 2025 by Jason Okra and Eric Rowell, Wayline has 3 employees based in . Wayline is hiring for 3 roles in design, operations, and engineering.",https://wayline.com,2025,,Jason Okra; Eric Rowell,https://www.linkedin.com/in/okra/; https://www.linkedin.com/in/errowell/,https://x.com/heyokra; https://twitter.com/ericdrowell
Ambral,https://www.ycombinator.com/companies/ambral,Summer 2025,B2B; Sales,"AI Account Managers. Founded in 2025 by Sam Brickman and Jack Stettner, Ambral has 2 employees based in . Ambral is hiring for 2 roles in engineering.",https://www.ambral.com,2025,,Sam Brickman; Jack Stettner,https://www.linkedin.com/in/sam-brickman-086341136/; https://www.linkedin.com/in/jackstettner/,https://x.com/Sambrickman_; https://x.com/JackStettner
Fluidize,https://www.ycombinator.com/companies/fluidize,Summer 2025,"B2B; Engineering, Product and Design","Helping scientists and engineers run experiments with AI. . Founded in 2025 by Henry Bae, Alex Fleury, and Jamin Liu, Fluidize has 3 employees based in San Francisco, CA, USA.",https://fluidize.ai,2025,"San Francisco, CA, USA",Henry Bae; Alex Fleury; Jamin Liu; ❌ The Problem:,https://linkedin.com/in/henrybae; https://www.linkedin.com/in/victoralexfleury/; https://www.linkedin.com/in/jamin-liu-255277163; https://www.linkedin.com/in/victoralexfleury/,; https://x.com/alexfleury160; ; 
Stormy AI,https://www.ycombinator.com/companies/stormy-ai,Summer 2025,B2B; Marketing,"Al platform that makes social marketing as easy as running a Google…. Founded in 2024 by Robert Lukoszko, Stormy AI has 5 employees based in San Francisco, CA, USA.",https://stormy.ai,2024,"San Francisco, CA, USA",Robert Lukoszko,https://linkedin.com/in/karmedge,https://twitter.com/karmedge/
Metis,https://www.ycombinator.com/companies/metis,Summer 2025,B2B; Infrastructure,"Infrastructure to build reliable agents. Founded in 2025 by Aryan Shah, Aayush Sheth, and Marcus Yearwood, Metis has 13 employees based in San Francisco, CA, USA.",https://withmetis.ai,2025,"San Francisco, CA, USA",Aryan Shah; Aayush Sheth; Marcus Yearwood,https://www.linkedin.com/in/aryan-shah1/; https://linkedin.com/in/aasheth1; https://www.linkedin.com/in/marcus-yearwood?utm_source=share&utm_campaign=share_via&utm_content=profile&utm_medium=ios_app,; ; 
Nuntius,https://www.ycombinator.com/companies/nuntius,Summer 2025,B2B; Infrastructure,"Making Models Follow Rules. Founded in 2025 by , Nuntius has 2 employees based in San Francisco, CA, USA.",https://www.nuntius.ai,2025,"San Francisco, CA, USA",,,
